scheme_code,scheme_name,category,plan,ret_1y,cagr_3y,cagr_5y,vol_3y,maxdd_3y,sharpe_3y,pct_1y,pct_3y,pct_5y
130003,ICICI Prudential Growth Fund- Series 1 Direct Dividend,,Direct,0.11051419800460494,,,0.21664011757247106,-0.38235294117647056,,,,
130004,ICICI Prudential Growth Fund- Series 1 Dividend,,Other,0.10711297071129722,,,0.2163795457069262,-0.3824013157894737,,,,
130593,ICICI Prudential Growth Fund - Series 2 Direct Dividend,,Direct,0.1558441558441559,,,0.18657428402992407,-0.32530120481927716,,,,
130594,ICICI Prudential Growth Fund - Series 2 Dividend,,Other,0.15047021943573657,,,0.18638583826879046,-0.32563510392609707,,,,
134565,Kotak India Gorwth Fund - Series I - Regular Plan - Growth,,Regular,0.07547044061381492,,,0.13369578336049295,-0.17160686427457106,,,,
134567,Kotak India Gorwth Fund - Series I - Direct Plan - Growth,,Direct,0.08092474256176496,,,0.13369928355259011,-0.16928080622995878,,,,
139617,Taurus Unclaimed Redemption - Growth,Money Market Fund,Other,0.03785085233083407,0.049134726452289224,0.04732390205382986,0.004252458669901015,-8.72165462247887e-05,-3.7308472061129,100.0,100.0,100.0
142415,Kotak India Growth Fund Series 4-Direct Plan-ayout of Income Distribution cum capital withdrawal option,,Direct,0.502508766803039,0.2571780476376391,0.27981158686695706,0.12719188906667378,-0.14032645223235707,1.5109300525987128,,,
142416,Kotak India Growth Fund Series 4-Regular Plan-ayout of Income Distribution cum capital withdrawal option,,Regular,0.48844620091789914,0.2454144227559596,0.2677609367395579,0.12719622202300956,-0.1451628923321413,1.4183945080013693,,,
142417,Kotak India Growth Fund Series 4 - Regular Plan- Growth option,,Regular,0.4884542811974093,0.24540677070035688,0.2677493831700193,0.12719890501171943,-0.1451701018127639,1.4183044318167295,,,
142418,Kotak India Growth Fund Series 4-Direct Plan - Growth Option,,Direct,0.5024973396536712,0.25971169123796,0.2813469103688515,0.12729305034014818,-0.1402755924283603,1.529633320261067,,,
143243,Kotak India Growth Fund Series 5-Regular Plan-Growth Option,,Regular,0.9025802677759003,,,0.20183582556267082,-0.3920067233168363,,,,
143244,Kotak India Growth Fund Series 5-Direct Plan-Growth Option,,Direct,0.9062361003361779,,,0.2018763258022949,-0.39187807824551624,,,,
143245,Kotak India Growth Fund Series 5-Direct PLan-ayout of Income Distribution cum capital withdrawal option,,Direct,0.9062386863201448,,,0.2018717587337297,-0.39187807824551624,,,,
143246,Kotak India Growth Fund Series 5-Regular Plan-ayout of Income Distribution cum capital withdrawal option,,Regular,0.9025802677759003,,,0.20183586306346432,-0.3920067233168363,,,,
144673,Kotak India Growth Fund Series 7 - Direct Plan - Growth Option,,Direct,0.3820468692786525,,,0.1969830799248976,-0.29962184504441125,,,,
144674,Kotak India Growth Fund Series 7 - Regular Plan - ayout of Income Distribution cum capital withdrawal option,,Regular,0.36721073800392845,,,0.1969693064498616,-0.30077671636461034,,,,
144675,Kotak India Growth Fund Series 7 -Direct Plan  -ayout of Income Distribution cum capital withdrawal option,,Direct,0.38205053094104735,,,0.19697695592961195,-0.29962184504441125,,,,
144676,Kotak India Growth Fund Series 7 - Regular Plan - Growth Option,,Regular,0.36721073800392845,,,0.1969693064498616,-0.30077671636461034,,,,
150621,HDFC NIFTY GROWTH SECTORS 15 ETF - Growth Option,Other ETFs,Other,-0.07591930478975106,0.04125325206346897,,0.13622494592125145,-0.21880475542639,-0.1743201127806539,50.0,50.0,75.0
153045,Mirae Asset Nifty 1D Rate Liquid ETF - Growth,Debt ETF,Other,0.05010468293378323,,,0.0008628006495984421,0.0,,100.0,100.0,100.0
153920,Edelweiss Nifty 1D Rate Liquid ETF - Growth,Other ETFs,Other,,,,0.0009105361718375383,0.0,,100.0,100.0,75.0
