scheme_code_if_available,scheme_name,category,amc,regular_ter,direct_ter,month,source,retrieved_at,ter_gap
,Quant Aggressive Hybrid Fund,Hybrid Scheme - Aggressive Hybrid Fund,13,2.73,1.44,09-2026,AMFI API,2026-09-28T23:10:21.790647,1.29
,quant Arbitrage Fund,Hybrid Scheme - Arbitrage Fund,13,2.28,1.63,09-2026,AMFI API,2026-09-28T23:10:21.793106,0.6499999999999999
,quant BFSI Fund,Equity Scheme - Sectoral/ Thematic,13,3.49,1.93,09-2026,AMFI API,2026-09-28T23:10:21.796178,1.5600000000000003
,quant Business Cycle Fund,Equity Scheme - Sectoral/ Thematic,13,3.0,1.44,09-2026,AMFI API,2026-09-28T23:10:21.799175,1.56
,JM Aggressive Hybrid Fund,Hybrid Schemes - Aggressive Hybrid Fund,16,2.69,1.16,09-2026,AMFI API,2026-09-28T23:10:21.510270,1.53
,JM Arbitrage Fund,Hybrid Schemes - Arbitrage Fund,16,2.1,1.43,09-2026,AMFI API,2026-09-28T23:10:21.513312,0.6700000000000002
,JM Dynamic Term Fund,Income/Debt Oriented Schemes - Dynamic Term Fund,16,0.93,0.42,09-2026,AMFI API,2026-09-28T23:10:21.517745,0.51
,JM ELSS - Tax Saver Fund,Equity Schemes - ELSS- Tax Saver Fund,16,2.69,1.35,09-2026,AMFI API,2026-09-28T23:10:21.519617,1.3399999999999999
,Kotak Active Momentum Fund,Equity Scheme - Sectoral/ Thematic,17,2.9816,1.6816,09-2026,AMFI API,2026-09-28T23:10:21.527235,1.2999999999999998
,Kotak Aggressive Hybrid Fund,Hybrid Scheme - Aggressive Hybrid Fund,17,1.8992,0.6492,09-2026,AMFI API,2026-09-28T23:10:21.528382,1.25
,Kotak Arbitrage Fund,Hybrid Scheme - Arbitrage Fund,17,2.9182,2.3182,09-2026,AMFI API,2026-09-28T23:10:21.530229,0.6000000000000001
,Kotak Balanced Advantage Fund,Hybrid Scheme - Dynamic Asset Allocation or Balanced Advantage,17,1.8871,0.8271,09-2026,AMFI API,2026-09-28T23:10:21.533703,1.06
,Kotak Banking And Financial Services Fund,Equity Scheme - Sectoral/ Thematic,17,2.2329,0.8029,09-2026,AMFI API,2026-09-28T23:10:21.537170,1.43
,LIC MF Aggressive Hybrid Fund,Hybrid Scheme - Aggressive Hybrid Fund,18,2.79,1.73,09-2026,AMFI API,2026-09-28T23:10:21.547594,1.06
,LIC MF Arbitrage Fund,Hybrid Scheme - Arbitrage Fund,18,1.67,1.09,09-2026,AMFI API,2026-09-28T23:10:21.552337,0.5799999999999998
,LIC MF Balanced Advantage Fund,Hybrid Scheme - Dynamic Asset Allocation or Balanced Advantage,18,2.94,1.52,09-2026,AMFI API,2026-09-28T23:10:21.557266,1.42
,LIC MF Banking & PSU Debt Fund,Income/Debt Oriented Schemes - Banking and PSU Debt Fund,18,0.65,0.28,09-2026,AMFI API,2026-09-28T23:10:21.560260,0.37
,BHARAT 22 ETF,Other Scheme - Other  ETFs,20,0.07,0.0,09-2026,AMFI API,2026-09-28T23:10:21.427368,0.07
,ICICI Prudential 10 year Constant Maturity Gilt Fund,Income/Debt Oriented Schemes - 10-year Constant Maturity Gilt Fund,20,0.45,0.29,09-2026,AMFI API,2026-09-28T23:10:21.431189,0.16000000000000003
,ICICI Prudential Active Momentum Fund,Equity Scheme - Sectoral/ Thematic,20,2.91,1.86,09-2026,AMFI API,2026-09-28T23:10:21.433943,1.05
,ICICI Prudential Aggressive Hybrid Active FOF,Other Scheme - FoF Domestic,20,1.5,0.39,09-2026,AMFI API,2026-09-28T23:10:21.437354,1.1099999999999999
,CPSE ETF,Other Scheme - Other  ETFs,21,0.0,0.08,09-2026,AMFI API,2026-09-28T23:10:21.686486,-0.08
,Nippon India Active Momentum Fund,Equity Schemes - Thematic Fund,21,2.27,1.28,09-2026,AMFI API,2026-09-28T23:10:21.688357,0.99
,Nippon India Aggressive Hybrid Fund (Existing Number of Segregated Portfolios - 2),Hybrid Schemes - Aggressive Hybrid Fund,21,1.96,1.12,09-2026,AMFI API,2026-09-28T23:10:21.689948,0.8399999999999999
,Nippon India Arbitrage Fund,Hybrid Scheme - Arbitrage Fund,21,2.03,1.34,09-2026,AMFI API,2026-09-28T23:10:21.691491,0.6899999999999997
,Nippon India Balanced Advantage Fund,Hybrid Schemes - Balanced Advantage Fund/ Dynamic Asset Allocation,21,1.98,0.88,09-2026,AMFI API,2026-09-28T23:10:21.691491,1.1
,SBI 10 Year Constant Maturity Gilt Fund,Income/Debt Oriented Schemes - 10-year Constant Maturity Gilt Fund,22,0.62,0.32,09-2026,AMFI API,2026-09-28T23:10:21.851949,0.3
,SBI Aggressive Hybrid Fund,Hybrid Schemes - Aggressive Hybrid Fund,22,1.4,0.75,09-2026,AMFI API,2026-09-28T23:10:21.859020,0.6499999999999999
,SBI Arbitrage Fund,Hybrid Schemes - Arbitrage Fund,22,1.99,1.48,09-2026,AMFI API,2026-09-28T23:10:21.861570,0.51
,SBI Automotive Opportunities Fund,Equity Scheme - Sectoral/ Thematic,22,1.99,1.01,09-2026,AMFI API,2026-09-28T23:10:21.863000,0.98
,TATA AGGRESSIVE HYBRID FUND,Hybrid Scheme - Aggressive Hybrid Fund,25,2.14,1.19,09-2026,AMFI API,2026-09-28T23:10:21.903380,0.9500000000000002
,TATA ARBITRAGE FUND,Hybrid Scheme - Arbitrage Fund,25,2.29,1.61,09-2026,AMFI API,2026-09-28T23:10:21.907399,0.6799999999999999
,TATA BALANCED ADVANTAGE FUND,Hybrid Scheme - Dynamic Asset Allocation or Balanced Advantage,25,1.87,0.7,09-2026,AMFI API,2026-09-28T23:10:21.909553,1.1700000000000002
,TATA BANKING & FINANCIAL SERVICES FUND,Equity Scheme - Sectoral/ Thematic,25,2.22,0.92,09-2026,AMFI API,2026-09-28T23:10:21.911420,1.3000000000000003
,Taurus Banking & Financial Services Fund,Equity Scheme - Sectoral/ Thematic,26,2.54,1.84,09-2026,AMFI API,2026-09-28T23:10:21.919531,0.7
,Taurus Elss Tax Saver Fund,Equity Scheme - ELSS,26,2.61,2.05,09-2026,AMFI API,2026-09-28T23:10:21.921231,0.56
,Taurus Ethical Fund,Equity Scheme - Sectoral/ Thematic,26,2.73,1.35,09-2026,AMFI API,2026-09-28T23:10:21.924189,1.38
,Taurus Flexi Cap Fund,Equity Scheme - Flexi Cap Fund,26,2.74,2.69,09-2026,AMFI API,2026-09-28T23:10:21.925923,0.050000000000000266
,Franklin Asian Equity Fund,Equity Scheme - Sectoral/ Thematic,27,2.51,1.55,09-2026,AMFI API,2026-09-28T23:10:21.275511,0.9599999999999997
,Franklin Build India Fund,Equity Scheme - Sectoral/ Thematic,27,2.1,1.13,09-2026,AMFI API,2026-09-28T23:10:21.278724,0.9700000000000002
,Franklin India Aggressive Hybrid Fund,Hybrid Scheme - Aggressive Hybrid Fund,27,2.24,1.15,09-2026,AMFI API,2026-09-28T23:10:21.283780,1.0900000000000003
,Franklin India Arbitrage Fund,Hybrid Scheme - Arbitrage Fund,27,1.95,1.22,09-2026,AMFI API,2026-09-28T23:10:21.290447,0.73
,UTI - Arbitrage Fund,Hybrid Schemes - Arbitrage Fund,28,1.8,1.25,09-2026,AMFI API,2026-09-28T23:10:21.991045,0.55
,UTI - BSE Sensex Next 50 Exchange Traded Fund,Exchange Traded Funds (ETFs) - Equity ETF,28,0.31,0.0,09-2026,AMFI API,2026-09-28T23:10:21.995163,0.31
,UTI - Banking and Financial Services Fund,Equity Scheme - Sectoral/ Thematic,28,2.38,1.45,09-2026,AMFI API,2026-09-28T23:10:21.992925,0.9299999999999999
,UTI - Corporate Bond Fund,Income/Debt Oriented Schemes - Corporate Bond Fund,28,0.61,0.32,09-2026,AMFI API,2026-09-28T23:10:21.996510,0.29
,UTI - Credit Risk Fund.,Income/Debt Oriented Schemes - Credit Risk Fund,28,1.43,0.76,09-2026,AMFI API,2026-09-28T23:10:21.999093,0.6699999999999999
,UTI - Dividend Yield Fund,Equity Schemes - Dividend Yield Fund,28,1.99,1.54,09-2026,AMFI API,2026-09-28T23:10:21.999762,0.44999999999999996
,ADITYA BIRLA SUN LIFE ARBITRAGE FUND,Hybrid Scheme - Arbitrage Fund,3,1.95,1.24,09-2026,AMFI API,2026-09-28T23:10:21.009326,0.71
,ADITYA BIRLA SUN LIFE BAL BHAVISHYA YOJNA,Solution Oriented Scheme - Children’s Fund,3,2.28,1.14,09-2026,AMFI API,2026-09-28T23:10:21.011509,1.14
,Aditya Birla Sun Life Aggressive Hybrid Fund,Hybrid Schemes - Aggressive Hybrid Fund,3,1.89,1.16,09-2026,AMFI API,2026-09-28T23:10:21.005356,0.73
,Aditya Birla Sun Life Aggressive Hybrid Omni FOF,Other Scheme - FoF Domestic,3,1.12,0.56,09-2026,AMFI API,2026-09-28T23:10:21.007026,0.56
,Canara Robeco Aggressive Hybrid Fund,Hybrid Schemes - Aggressive Hybrid Fund,32,1.8,0.69,09-2026,AMFI API,2026-09-28T23:10:21.178172,1.11
,Canara Robeco Balanced Advantage Fund,Hybrid Schemes - Balanced Advantage Fund/ Dynamic Asset Allocation,32,2.4,1.05,09-2026,AMFI API,2026-09-28T23:10:21.182657,1.3499999999999999
,Canara Robeco Banking and Financial Services Fund,Equity Schemes - Sectoral Fund,32,2.67,1.08,09-2026,AMFI API,2026-09-28T23:10:21.187839,1.5899999999999999
,Canara Robeco Banking and PSU Debt Fund,Income/Debt Oriented Schemes - Banking and PSU Debt Fund,32,0.7,0.39,09-2026,AMFI API,2026-09-28T23:10:21.190406,0.30999999999999994
,Sundaram Aggressive Hybrid Fund (Formerly Known as Principal Hybrid Equity Fund),Hybrid Scheme - Aggressive Hybrid Fund,33,2.15,1.16,09-2026,AMFI API,2026-09-28T23:10:21.887236,0.99
,Sundaram Arbitrage Fund(Formerly Known as Prinicpal Arbitrage Fund),Hybrid Scheme - Arbitrage Fund,33,1.71,0.99,09-2026,AMFI API,2026-09-28T23:10:21.889253,0.72
,Sundaram Banking and PSU Debt Fund (Formerly Known as Sundaram Banking and PSU Fund),Income/Debt Oriented Schemes - Banking and PSU Debt Fund,33,0.42,0.27,09-2026,AMFI API,2026-09-28T23:10:21.890278,0.14999999999999997
,Sundaram Business Cycle Fund,Equity Scheme - Sectoral/ Thematic,33,2.59,1.13,09-2026,AMFI API,2026-09-28T23:10:21.893423,1.46
,HSBC Aggressive Hybrid Active FOF (erstwhile HSBC Managed Solutions India - Growth fund),Fund of Funds Scheme (Domestic) - Fund of Funds Scheme (Domestic),37,1.46,0.24,09-2026,AMFI API,2026-09-28T23:10:21.397447,1.22
,HSBC Aggressive Hybrid Fund,Hybrid Schemes - Aggressive Hybrid Fund,37,1.96,0.95,09-2026,AMFI API,2026-09-28T23:10:21.401387,1.01
,HSBC Arbitrage Fund,Hybrid Schemes - Arbitrage Fund,37,2.09,1.47,09-2026,AMFI API,2026-09-28T23:10:21.408572,0.6199999999999999
,HSBC Asia Pacific (Ex Japan) Dividend Yield Fund,Overseas Fund of Funds - Fund of Funds investing overseas,37,1.38,0.82,09-2026,AMFI API,2026-09-28T23:10:21.411626,0.5599999999999999
,Baroda BNP Paribas Aggressive Hybrid Fund,Hybrid Schemes - Aggressive Hybrid Fund,4,2.23,0.68,09-2026,AMFI API,2026-09-28T23:10:21.151657,1.5499999999999998
,Baroda BNP Paribas Aqua Fund of Fund,Other Scheme - FoF Overseas,4,1.58,0.56,09-2026,AMFI API,2026-09-28T23:10:21.155762,1.02
,Baroda BNP Paribas Arbitrage Fund,Hybrid Scheme - Arbitrage Fund,4,2.27,1.5,09-2026,AMFI API,2026-09-28T23:10:21.159310,0.77
,Baroda BNP Paribas Balanced Advantage Fund,Hybrid Schemes - Balanced Advantage Fund/ Dynamic Asset Allocation,4,2.05,0.92,09-2026,AMFI API,2026-09-28T23:10:21.162418,1.13
,QUANTUM ESG BEST IN CLASS STRATEGY FUND,Equity Scheme - Sectoral/ Thematic,41,2.26,0.82,09-2026,AMFI API,2026-09-28T23:10:21.824492,1.44
,Quantum Diversified Equity All Cap Active FOF,Other Scheme - FoF Domestic,41,1.41,0.42,09-2026,AMFI API,2026-09-28T23:10:21.811802,0.99
,Quantum Dynamic Term Fund,Debt Scheme - Dynamic Bond,41,1.01,0.5,09-2026,AMFI API,2026-09-28T23:10:21.819087,0.51
,Quantum ELSS Tax Saver Fund,Equity Scheme - ELSS,41,2.16,0.95,09-2026,AMFI API,2026-09-28T23:10:21.822448,1.2100000000000002
,Invesco India - Invesco EQQQ Nasdaq-100 ETF Fund of Fund,Overseas Fund of Funds - Fund of Funds investing overseas,42,0.69,0.47,09-2026,AMFI API,2026-09-28T23:10:21.446609,0.21999999999999997
,Invesco India - Invesco Global Consumer Trends Fund of Fund,Overseas Fund of Funds - Fund of Funds investing overseas,42,1.46,0.59,09-2026,AMFI API,2026-09-28T23:10:21.450481,0.87
,Invesco India - Invesco Global Equity Income Fund of Fund,Overseas Fund of Funds - Fund of Funds investing overseas,42,1.31,0.92,09-2026,AMFI API,2026-09-28T23:10:21.455812,0.39
,Invesco India - Invesco Pan European Equity Fund of Fund,Overseas Fund of Funds - Fund of Funds investing overseas,42,0.84,0.5,09-2026,AMFI API,2026-09-28T23:10:21.458690,0.33999999999999997
,Mirae Asset Aggressive Hybrid Fund,Hybrid Schemes - Aggressive Hybrid Fund,45,1.93,0.62,09-2026,AMFI API,2026-09-28T23:10:21.607340,1.31
,Mirae Asset Arbitrage Fund,Hybrid Schemes - Arbitrage Fund,45,3.35,2.57,09-2026,AMFI API,2026-09-28T23:10:21.611637,0.7800000000000002
,Mirae Asset Balanced Advantage Fund,Hybrid Schemes - Balanced Advantage Fund/ Dynamic Asset Allocation,45,2.29,0.95,09-2026,AMFI API,2026-09-28T23:10:21.614804,1.34
,Mirae Asset Banking and Financial Services Fund,Equity Schemes - Thematic Fund,45,2.14,0.74,09-2026,AMFI API,2026-09-28T23:10:21.619830,1.4000000000000001
,Bank of India Aggressive Hybrid Fund,Hybrid Schemes - Aggressive Hybrid Fund,46,2.25,0.86,09-2026,AMFI API,2026-09-28T23:10:21.133092,1.3900000000000001
,Bank of India Arbitrage Fund,Hybrid Scheme - Arbitrage Fund,46,2.86,2.19,09-2026,AMFI API,2026-09-28T23:10:21.136224,0.6699999999999999
,Bank of India Balanced Advantage Fund,Hybrid Scheme - Dynamic Asset Allocation or Balanced Advantage,46,2.64,1.36,09-2026,AMFI API,2026-09-28T23:10:21.141041,1.28
,Bank of India Banking & Financial Services Fund,Equity Scheme - Sectoral/ Thematic,46,2.77,1.68,09-2026,AMFI API,2026-09-28T23:10:21.143229,1.09
,Bharat Bond ETF - April 2030,Other Scheme - Other  ETFs,47,0.0,0.02,09-2026,AMFI API,2026-09-28T23:10:21.257410,-0.02
,Bharat Bond ETF - April 2032,Other Scheme - Other  ETFs,47,0.0,0.02,09-2026,AMFI API,2026-09-28T23:10:21.259477,-0.02
,Bharat Bond ETF - April 2033,Other Scheme - Other  ETFs,47,0.0,0.02,09-2026,AMFI API,2026-09-28T23:10:21.261453,-0.02
,Bharat Bond ETF FOF - April 2032,Other Scheme - FoF Domestic,47,0.04,0.04,09-2026,AMFI API,2026-09-28T23:10:21.263856,0.0
,Bandhan 10 year Constant Maturity Gilt Fund,Income/Debt Oriented Schemes - 10-year Constant Maturity Gilt Fund,48,0.48,0.26,09-2026,AMFI API,2026-09-28T23:10:21.109965,0.21999999999999997
,Bandhan Aggressive Hybrid Fund,Hybrid Scheme - Aggressive Hybrid Fund,48,2.25,0.88,09-2026,AMFI API,2026-09-28T23:10:21.117005,1.37
,Bandhan Aggressive Hybrid Passive FOF,Other Scheme - FoF Domestic,48,0.35,0.08,09-2026,AMFI API,2026-09-28T23:10:21.121623,0.26999999999999996
,Bandhan Arbitrage Fund,Hybrid Scheme - Arbitrage Fund,48,2.39,1.67,09-2026,AMFI API,2026-09-28T23:10:21.125207,0.7200000000000002
,Axis Aggressive Hybrid Fund,Hybrid Schemes - Aggressive Hybrid Fund,53,2.23,1.18,09-2026,AMFI API,2026-09-28T23:10:21.061214,1.05
,Axis Arbitrage Fund,Hybrid Schemes - Arbitrage Fund,53,2.1,1.41,09-2026,AMFI API,2026-09-28T23:10:21.067302,0.6900000000000002
,Axis Balanced Advantage Fund,Hybrid Schemes - Balanced Advantage Fund/ Dynamic Asset Allocation,53,2.15,1.07,09-2026,AMFI API,2026-09-28T23:10:21.073588,1.0799999999999998
,Axis Banking and PSU Debt Fund,Income/Debt Oriented Schemes - Banking and PSU Debt Fund,53,0.65,0.36,09-2026,AMFI API,2026-09-28T23:10:21.077684,0.29000000000000004
,Navi Aggressive Hybrid Fund,Hybrid Scheme - Aggressive Hybrid Fund,54,2.6,0.71,09-2026,AMFI API,2026-09-28T23:10:21.662271,1.8900000000000001
,Navi BSE Sensex Index Fund,Other Scheme - Index Funds,54,1.1,0.5,09-2026,AMFI API,2026-09-28T23:10:21.663044,0.6000000000000001
,Navi ELSS Tax Saver Nifty 50 Index Fund,Equity Scheme - ELSS,54,1.07,0.24,09-2026,AMFI API,2026-09-28T23:10:21.669353,0.8300000000000001
,Navi Flexi Cap Fund,Equity Scheme - Flexi Cap Fund,54,2.59,0.72,09-2026,AMFI API,2026-09-28T23:10:21.670972,1.8699999999999999
,Motilal Oswal 5 Year G-Sec Fund of Fund,Other Scheme - FoF Domestic,55,0.25,0.17,09-2026,AMFI API,2026-09-28T23:10:21.636489,0.07999999999999999
,Motilal Oswal Active Momentum Fund,Equity Scheme - Sectoral/ Thematic,55,3.31,3.2,09-2026,AMFI API,2026-09-28T23:10:21.639623,0.10999999999999988
,Motilal Oswal Arbitrage Fund,Hybrid Scheme - Arbitrage Fund,55,1.99,1.0,09-2026,AMFI API,2026-09-28T23:10:21.643498,0.99
,Motilal Oswal Asset Allocation Fund of Fund- Conservative,Other Scheme - FoF Domestic,55,0.58,0.07,09-2026,AMFI API,2026-09-28T23:10:21.652168,0.51
,PGIM India Aggressive Hybrid Equity Fund,Hybrid Scheme - Aggressive Hybrid Fund,58,2.56,1.09,09-2026,AMFI API,2026-09-28T23:10:21.742116,1.47
,PGIM India Arbitrage Fund,Hybrid Scheme - Arbitrage Fund,58,1.93,1.26,09-2026,AMFI API,2026-09-28T23:10:21.747362,0.6699999999999999
,PGIM India Balanced Advantage Fund,Hybrid Scheme - Dynamic Asset Allocation or Balanced Advantage,58,2.51,0.92,09-2026,AMFI API,2026-09-28T23:10:21.753652,1.5899999999999999
,PGIM India Corporate Bond Fund,Debt Scheme - Corporate Bond Fund,58,0.96,0.37,09-2026,AMFI API,2026-09-28T23:10:21.754652,0.59
,DSP 10 year Constant Maturity Gilt Fund,Income/Debt Oriented Schemes - 10-year Constant Maturity Gilt Fund,6,0.51,0.31,09-2026,AMFI API,2026-09-28T23:10:21.236841,0.2
,DSP Aggressive Hybrid Fund,Hybrid Scheme - Aggressive Hybrid Fund,6,1.84,0.79,09-2026,AMFI API,2026-09-28T23:10:21.238675,1.05
,DSP Arbitrage fund,Hybrid Scheme - Arbitrage Fund,6,1.81,1.17,09-2026,AMFI API,2026-09-28T23:10:21.240669,0.6400000000000001
,DSP BSE LIQUID RATE ETF,Other Scheme - Other  ETFs,6,0.0,0.31,09-2026,AMFI API,2026-09-28T23:10:21.244014,-0.31
,DSP Banking & Financial Services Fund,Equity Schemes - Sectoral Fund,6,2.19,0.81,09-2026,AMFI API,2026-09-28T23:10:21.242205,1.38
,DSP Banking and PSU Debt Fund,Income/Debt Oriented Schemes - Banking and PSU Debt Fund,6,0.61,0.34,09-2026,AMFI API,2026-09-28T23:10:21.244014,0.26999999999999996
,Union Active Momentum Fund,Equity Scheme - Sectoral/ Thematic,61,3.99,2.61,09-2026,AMFI API,2026-09-28T23:10:21.979085,1.3800000000000003
,Union Aggressive Hybrid Fund,Hybrid Scheme - Aggressive Hybrid Fund,61,2.85,1.63,09-2026,AMFI API,2026-09-28T23:10:21.981508,1.2200000000000002
,Union Arbitrage Fund,Hybrid Scheme - Arbitrage Fund,61,2.17,1.55,09-2026,AMFI API,2026-09-28T23:10:21.983605,0.6199999999999999
,Union Balanced Advantage Fund,Hybrid Scheme - Dynamic Asset Allocation or Balanced Advantage,61,2.58,1.47,09-2026,AMFI API,2026-09-28T23:10:21.985175,1.11
,360 ONE Balanced Hybrid Fund,Hybrid Schemes - Balanced Hybrid Fund,62,2.19,0.62,09-2026,AMFI API,2026-09-28T23:10:20.963559,1.5699999999999998
,360 ONE Dynamic Term Fund,Income/Debt Oriented Schemes - Dynamic Term Fund,62,0.59,0.34,09-2026,AMFI API,2026-09-28T23:10:20.966485,0.24999999999999994
,360 ONE ELSS Tax Saver Nifty 50 Index Fund,Index Funds - Equity Funds,62,0.62,0.37,09-2026,AMFI API,2026-09-28T23:10:20.970058,0.25
,360 ONE FLEXICAP FUND,Equity Schemes - Flexi Cap Fund,62,2.38,0.92,09-2026,AMFI API,2026-09-28T23:10:20.972019,1.46
,Groww Aggressive Hybrid Fund,Hybrid Schemes - Aggressive Hybrid Fund,63,2.91,2.15,09-2026,AMFI API,2026-09-28T23:10:21.298644,0.7600000000000002
,Groww Arbitrage Fund,Hybrid Schemes - Arbitrage Fund,63,2.43,1.72,09-2026,AMFI API,2026-09-28T23:10:21.306397,0.7100000000000002
,Groww BSE Hospitals ETF,Exchange Traded Funds (ETFs) - Other ETF,63,0.0,0.54,09-2026,AMFI API,2026-09-28T23:10:21.311200,-0.54
,Groww Banking & Financial Services Fund,Equity Schemes - Sectoral Fund,63,2.99,1.26,09-2026,AMFI API,2026-09-28T23:10:21.310207,1.7300000000000002
,Parag Parikh Arbitrage Fund,Hybrid Scheme - Arbitrage Fund,64,1.39,0.99,09-2026,AMFI API,2026-09-28T23:10:21.760539,0.3999999999999999
,Parag Parikh Conservative Hybrid Fund,Hybrid Scheme - Conservative Hybrid Fund,64,0.67,0.32,09-2026,AMFI API,2026-09-28T23:10:21.768671,0.35000000000000003
,Parag Parikh Dynamic Asset Allocation Fund,Hybrid Scheme - Dynamic Asset Allocation or Balanced Advantage,64,0.76,0.41,09-2026,AMFI API,2026-09-28T23:10:21.771795,0.35000000000000003
,Parag Parikh ELSS Tax Saver Fund,Equity Scheme - ELSS,64,1.83,0.65,09-2026,AMFI API,2026-09-28T23:10:21.774392,1.1800000000000002
,Shriram Aggressive Hybrid Fund,Hybrid Schemes - Aggressive Hybrid Fund,67,2.45,0.86,09-2026,AMFI API,2026-09-28T23:10:21.870339,1.5900000000000003
,Shriram Balanced Advantage Fund,Hybrid Schemes - Balanced Advantage Fund/ Dynamic Asset Allocation,67,2.59,0.92,09-2026,AMFI API,2026-09-28T23:10:21.873683,1.67
,Shriram ELSS Tax Saver Fund,Equity Scheme - ELSS,67,2.54,0.92,09-2026,AMFI API,2026-09-28T23:10:21.876871,1.62
,Shriram Flexi Cap Fund,Equity Scheme - Flexi Cap Fund,67,2.57,1.04,09-2026,AMFI API,2026-09-28T23:10:21.878210,1.5299999999999998
,Mahindra Manulife Aggressive Hybrid Fund,Hybrid Schemes - Aggressive Hybrid Fund,69,2.21,0.88,09-2026,AMFI API,2026-09-28T23:10:21.587613,1.33
,Mahindra Manulife Arbitrage Fund,Hybrid Schemes - Arbitrage Fund,69,1.93,1.17,09-2026,AMFI API,2026-09-28T23:10:21.591447,0.76
,Mahindra Manulife Asia Pacific REITs FOF,Other Scheme - FoF Overseas,69,1.37,0.52,09-2026,AMFI API,2026-09-28T23:10:21.595055,0.8500000000000001
,Mahindra Manulife Balanced Advantage Fund,Hybrid Schemes - Balanced Advantage Fund/ Dynamic Asset Allocation,69,2.42,0.85,09-2026,AMFI API,2026-09-28T23:10:21.596944,1.5699999999999998
,ITI Arbitrage Fund,Hybrid Scheme - Arbitrage Fund,70,1.8,1.11,09-2026,AMFI API,2026-09-28T23:10:21.470913,0.69
,ITI Balanced Advantage Fund,Hybrid Scheme - Dynamic Asset Allocation or Balanced Advantage,70,3.25,1.6,09-2026,AMFI API,2026-09-28T23:10:21.474959,1.65
,ITI Banking & PSU Debt Fund,Debt Scheme - Banking and PSU Fund,70,0.75,0.23,09-2026,AMFI API,2026-09-28T23:10:21.477293,0.52
,ITI Banking and Financial Services Fund,Equity Scheme - Sectoral/ Thematic,70,2.78,1.08,09-2026,AMFI API,2026-09-28T23:10:21.478300,1.6999999999999997
,WhiteOak Capital Aggressive Hybrid Fund,Hybrid Schemes - Aggressive Hybrid Fund,71,3.16,1.35,09-2026,AMFI API,2026-09-28T23:10:22.009724,1.81
,WhiteOak Capital Arbitrage Fund,Hybrid Schemes - Arbitrage Fund,71,3.17,2.4,09-2026,AMFI API,2026-09-28T23:10:22.015430,0.77
,WhiteOak Capital Balanced Advantage Fund,Hybrid Schemes - Balanced Advantage Fund/ Dynamic Asset Allocation,71,2.25,0.83,09-2026,AMFI API,2026-09-28T23:10:22.019672,1.42
,WhiteOak Capital Balanced Hybrid Fund,Hybrid Schemes - Balanced Hybrid Fund,71,2.26,0.71,09-2026,AMFI API,2026-09-28T23:10:22.020246,1.5499999999999998
,TRUSTMF Arbitrage Fund,Hybrid Scheme - Arbitrage Fund,72,2.22,1.46,09-2026,AMFI API,2026-09-28T23:10:21.952603,0.7600000000000002
,TRUSTMF Corporate Bond Fund,Debt Scheme - Corporate Bond Fund,72,0.63,0.26,09-2026,AMFI API,2026-09-28T23:10:21.955931,0.37
,TRUSTMF Flexi Cap Fund,Equity Scheme - Flexi Cap Fund,72,3.21,1.77,09-2026,AMFI API,2026-09-28T23:10:21.960215,1.44
,TRUSTMF LARGE & MIDCAP FUND,Equity Schemes - Large & Mid Cap Fund,72,4.4,2.68,09-2026,AMFI API,2026-09-28T23:10:21.960737,1.7200000000000002
,NJ Arbitrage Fund,Hybrid Schemes - Arbitrage Fund,73,1.66,1.07,09-2026,AMFI API,2026-09-28T23:10:21.705297,0.5899999999999999
,NJ Balanced Advantage Fund,Hybrid Schemes - Balanced Advantage Fund/ Dynamic Asset Allocation,73,2.41,1.13,09-2026,AMFI API,2026-09-28T23:10:21.707317,1.2800000000000002
,NJ ELSS Tax Saver Fund,Equity Schemes - ELSS- Tax Saver Fund,73,2.55,0.79,09-2026,AMFI API,2026-09-28T23:10:21.709316,1.7599999999999998
,NJ Flexi Cap Fund,Equity Schemes - Flexi Cap Fund,73,2.26,0.87,09-2026,AMFI API,2026-09-28T23:10:21.715041,1.3899999999999997
,SAMCO ELSS TAX SAVER FUND,Equity Schemes - ELSS- Tax Saver Fund,74,3.42,2.11,09-2026,AMFI API,2026-09-28T23:10:21.841179,1.31
,SAMCO FLEXI CAP FUND,Equity Schemes - Thematic Fund,74,3.14,1.83,09-2026,AMFI API,2026-09-28T23:10:21.842239,1.31
,Samco Active Momentum Fund,Equity Schemes - Thematic Fund,74,3.23,1.92,09-2026,AMFI API,2026-09-28T23:10:21.833914,1.31
,Samco Arbitrage Fund,Hybrid Schemes - Arbitrage Fund,74,2.53,1.07,09-2026,AMFI API,2026-09-28T23:10:21.837521,1.4599999999999997
,Samco Dynamic Asset Allocation Fund,Hybrid Schemes - Balanced Advantage Fund/ Dynamic Asset Allocation,74,3.39,1.92,09-2026,AMFI API,2026-09-28T23:10:21.839376,1.4700000000000002
,Samco Large & Mid Cap Fund,Equity Schemes - Large & Mid Cap Fund,74,3.7,2.22,09-2026,AMFI API,2026-09-28T23:10:21.843259,1.48
,Bajaj Finserv Arbitrage Fund,Hybrid Scheme - Arbitrage Fund,75,2.04,1.34,09-2026,AMFI API,2026-09-28T23:10:21.090228,0.7
,Bajaj Finserv Balanced Advantage Fund,Hybrid Scheme - Dynamic Asset Allocation or Balanced Advantage,75,2.61,1.01,09-2026,AMFI API,2026-09-28T23:10:21.093347,1.5999999999999999
,Bajaj Finserv Banking and Financial Services Fund,Equity Scheme - Sectoral/ Thematic,75,2.81,1.12,09-2026,AMFI API,2026-09-28T23:10:21.096585,1.69
,Bajaj Finserv Banking and PSU Debt Fund,Income/Debt Oriented Schemes - Banking and PSU Debt Fund,75,0.89,0.35,09-2026,AMFI API,2026-09-28T23:10:21.097930,0.54
,Helios Arbitrage Fund,Hybrid Schemes - Arbitrage Fund,76,2.41,1.88,09-2026,AMFI API,2026-09-28T23:10:21.374064,0.5300000000000002
,Helios Balanced Advantage Fund,Hybrid Schemes - Balanced Advantage Fund/ Dynamic Asset Allocation,76,2.82,1.3,09-2026,AMFI API,2026-09-28T23:10:21.377371,1.5199999999999998
,Helios Financial Services Fund,Equity Schemes - Sectoral Fund,76,2.7,1.15,09-2026,AMFI API,2026-09-28T23:10:21.381390,1.5500000000000003
,Helios Flexi Cap Fund,Equity Schemes - Flexi Cap Fund,76,2.09,0.85,09-2026,AMFI API,2026-09-28T23:10:21.383970,1.2399999999999998
,Zerodha Arbitrage Fund,Hybrid Schemes - Arbitrage Fund,77,0.0,3.83,09-2026,AMFI API,2026-09-28T23:10:22.027657,
,Zerodha BSE SENSEX Index Fund,Other Scheme - Index Funds,77,0.0,0.47,09-2026,AMFI API,2026-09-28T23:10:22.029437,-0.47
,Zerodha ELSS Tax Saver Nifty LargeMidcap 250 Index Fund,Other Scheme - Index Funds,77,0.0,0.34,09-2026,AMFI API,2026-09-28T23:10:22.031958,-0.34
,Zerodha Gold ETF,Other Scheme - Gold ETF,77,0.0,0.35,09-2026,AMFI API,2026-09-28T23:10:22.033769,-0.35
,Zerodha Gold ETF FoF,Other Scheme - FoF Domestic,77,0.0,0.28,09-2026,AMFI API,2026-09-28T23:10:22.034968,-0.28
,Zerodha Life Cycle Fund 2031,Life Cycle Funds - Life Cycle Fund with Maturity of 5 Years,77,0.0,0.49,09-2026,AMFI API,2026-09-28T23:10:22.034968,-0.49
,Old Bridge Arbitrage Fund,Hybrid Scheme - Arbitrage Fund,78,2.04,1.19,09-2026,AMFI API,2026-09-28T23:10:21.727200,0.8500000000000001
,Old Bridge Flexi Cap Fund,Equity Scheme - Flexi Cap Fund,78,3.12,1.63,09-2026,AMFI API,2026-09-28T23:10:21.730432,1.4900000000000002
,Old Bridge Focused Fund,Equity Scheme - Focused Fund,78,2.1,1.05,09-2026,AMFI API,2026-09-28T23:10:21.735995,1.05
,UNIFI DYNAMIC ASSET ALLOCATION FUND,Hybrid Scheme - Dynamic Asset Allocation or Balanced Advantage,79,1.99,1.4,09-2026,AMFI API,2026-09-28T23:10:21.966127,0.5900000000000001
,UNIFI FLEXI CAP FUND,Equity Scheme - Flexi Cap Fund,79,2.73,1.45,09-2026,AMFI API,2026-09-28T23:10:21.970248,1.28
,UNIFI LIQUID FUND,Debt Scheme - Liquid Fund,79,0.15,0.09,09-2026,AMFI API,2026-09-28T23:10:21.972895,0.06
,ANGEL ONE GOLD ETF,Other Scheme - Gold ETF,80,0.0,0.35,09-2026,AMFI API,2026-09-28T23:10:21.039161,-0.35
,ANGEL ONE GOLD ETF FOF,Other Scheme - FoF Domestic,80,0.7,0.2,09-2026,AMFI API,2026-09-28T23:10:21.041180,0.49999999999999994
,ANGEL ONE NIFTY 1D RATE LIQUID ETF - GROWTH,Other Scheme - Other  ETFs,80,0.0,0.34,09-2026,AMFI API,2026-09-28T23:10:21.044129,-0.34
,ANGEL ONE NIFTY 50 ETF,Other Scheme - Other  ETFs,80,0.0,0.19,09-2026,AMFI API,2026-09-28T23:10:21.045149,-0.19
,CAPITALMIND ARBITRAGE FUND,Hybrid Scheme - Arbitrage Fund,81,1.93,1.15,09-2026,AMFI API,2026-09-28T23:10:21.197389,0.78
,CAPITALMIND FLEXI CAP FUND,Equity Scheme - Flexi Cap Fund,81,3.16,1.72,09-2026,AMFI API,2026-09-28T23:10:21.201901,1.4400000000000002
,CAPITALMIND LIQUID FUND,Debt Scheme - Liquid Fund,81,0.31,0.11,09-2026,AMFI API,2026-09-28T23:10:21.206323,0.2
,CAPITALMIND MULTI ASSET ALLOCATION FUND,Hybrid Scheme - Multi Asset Allocation,81,2.47,0.98,09-2026,AMFI API,2026-09-28T23:10:21.208168,1.4900000000000002
,JioBlackRock Arbitrage Fund,Hybrid Schemes - Arbitrage Fund,82,3.53,1.93,09-2026,AMFI API,2026-09-28T23:10:21.490152,1.5999999999999999
,JioBlackRock Flexi Cap Fund,Equity Schemes - Flexi Cap Fund,82,2.12,1.1,09-2026,AMFI API,2026-09-28T23:10:21.496040,1.02
,JioBlackRock Large Cap Fund,Equity Schemes - Large Cap Fund,82,1.93,1.38,09-2026,AMFI API,2026-09-28T23:10:21.497049,0.55
,JioBlackRock Liquid Fund,Income/Debt Oriented Schemes - Liquid Fund,82,0.24,0.1,09-2026,AMFI API,2026-09-28T23:10:21.501761,0.13999999999999999
,THE WEALTH COMPANY ARBITRAGE FUND,Hybrid Scheme - Arbitrage Fund,83,2.28,1.61,09-2026,AMFI API,2026-09-28T23:10:21.935388,0.6699999999999997
,THE WEALTH COMPANY BALANCED ADVANTAGE FUND,Hybrid Scheme - Dynamic Asset Allocation or Balanced Advantage,83,3.35,1.33,09-2026,AMFI API,2026-09-28T23:10:21.941443,2.02
,THE WEALTH COMPANY ETHICAL FUND,Equity Scheme - Sectoral/ Thematic,83,2.78,1.17,09-2026,AMFI API,2026-09-28T23:10:21.944619,1.6099999999999999
,THE WEALTH COMPANY FLEXI CAP FUND,Equity Scheme - Flexi Cap Fund,83,3.87,1.81,09-2026,AMFI API,2026-09-28T23:10:21.945620,2.06
,Choice Gold ETF,Other Scheme - Gold ETF,84,0.0,0.51,09-2026,AMFI API,2026-09-28T23:10:21.219740,-0.51
,Choice Nifty 50 Index Fund,Other Scheme - Index Funds,84,1.06,0.76,09-2026,AMFI API,2026-09-28T23:10:21.224843,0.30000000000000004
,Choice Nifty Next 50 Index Fund,Other Scheme - Index Funds,84,1.15,0.75,09-2026,AMFI API,2026-09-28T23:10:21.228121,0.3999999999999999
,Choice Overnight Fund,Income/Debt Oriented Schemes - Overnight Fund,84,0.22,0.11,09-2026,AMFI API,2026-09-28T23:10:21.229120,0.11
,Abakkus Flexi Cap Fund,Equity Scheme - Flexi Cap Fund,85,2.11,0.83,09-2026,AMFI API,2026-09-28T23:10:20.980653,1.2799999999999998
,Abakkus Large & Mid Cap Fund,Equity Scheme - Large & Mid Cap Fund,85,4.7,3.21,09-2026,AMFI API,2026-09-28T23:10:20.982837,1.4900000000000002
,Abakkus Liquid Fund,Income/Debt Oriented Schemes - Liquid Fund,85,0.31,0.23,09-2026,AMFI API,2026-09-28T23:10:20.986294,0.07999999999999999
,Abakkus Small Cap Fund,Equity Scheme - Small Cap Fund,85,2.58,1.25,09-2026,AMFI API,2026-09-28T23:10:20.991574,1.33
,AlphaGrep Flexi Cap Fund,Equity Schemes - Flexi Cap Fund,86,5.15,3.29,09-2026,AMFI API,2026-09-28T23:10:21.020150,1.8600000000000003
,AlphaGrep Liquid Omni FOF,Fund of Funds Scheme (Domestic) - Fund of Funds Scheme (Domestic),86,0.42,0.24,09-2026,AMFI API,2026-09-28T23:10:21.024169,0.18
,AlphaGrep Multi Asset Allocation Fund,Hybrid Schemes - Multi Asset Allocation Fund,86,3.28,1.47,09-2026,AMFI API,2026-09-28T23:10:21.029171,1.8099999999999998
,ASK Liquid Fund,Income/Debt Oriented Schemes - Liquid Fund,87,0.24,0.09,09-2026,AMFI API,2026-09-28T23:10:21.053657,0.15
,Lakshya Overnight Fund,Income/Debt Oriented Schemes - Overnight Fund,88,0.23,0.11,09-2026,AMFI API,2026-09-28T23:10:21.541306,0.12000000000000001
,Monarch Overnight Fund,Income/Debt Oriented Schemes - Overnight Fund,89,0.23,0.17,09-2026,AMFI API,2026-09-28T23:10:21.626046,0.06
,HDFC Aggressive Hybrid Fund,Hybrid Schemes - Aggressive Hybrid Fund,9,1.69,1.1,09-2026,AMFI API,2026-09-28T23:10:21.325320,0.5899999999999999
,HDFC Arbitrage Fund,Hybrid Scheme - Arbitrage Fund,9,2.04,1.5,09-2026,AMFI API,2026-09-28T23:10:21.334511,0.54
,HDFC Balanced Advantage Fund,Hybrid Scheme - Dynamic Asset Allocation or Balanced Advantage,9,1.31,0.78,09-2026,AMFI API,2026-09-28T23:10:21.343596,0.53
,HDFC Banking & Financial Services Fund,Equity Scheme - Sectoral/ Thematic,9,2.02,0.98,09-2026,AMFI API,2026-09-28T23:10:21.357614,1.04
,HDFC Banking and PSU Debt Fund,Debt Scheme - Banking and PSU Fund,9,0.72,0.35,09-2026,AMFI API,2026-09-28T23:10:21.360205,0.37
